<playercorefactory>
  <players>
    <player name="MXPlayerFree" type="ExternalPlayer" audio="false" video="true">
      <filename>com.mxtech.videoplayer.ad</filename>
      <hidexbmc>true</hidexbmc>
    </player>
    <player name="MXPlayerPro" type="ExternalPlayer" audio="false" video="true">
      <filename>com.mxtech.videoplayer.pro</filename>
      <hidexbmc>true</hidexbmc>
    </player>
    <player name="VLC" type="ExternalPlayer" audio="false" video="true">
      <filename>org.videolan.vlc</filename>
      <hidexbmc>true</hidexbmc>
    </player>
    <player name="XPlayer" type="ExternalPlayer" audio="false" video="true">
      <filename>video.player.videoplayer</filename>
      <hidexbmc>true</hidexbmc>
    </player>
  </players>
  <rules action="ask" />
</playercorefactory>
