<?xml version="1.0" encoding="UTF-8" standalone="yes"?>
<addon id="plugin.program.playercorefactoryinstaller" name="PlayerCoreFactory Installer" version="1.0.0" provider-name="ChatGPT">
    <extension point="xbmc.python.script" library="default.py" />
    <extension point="xbmc.addon.metadata">
        <summary>Installs playercorefactory.xml for external player use</summary>
        <description>This script copies a pre-configured playercorefactory.xml file to the Kodi userdata folder.</description>
        <platform>android</platform>
    </extension>
</addon>
